28889	Crenarchaeota	Crenarchaeota Garrity and Holt 2002	"Crenarchaeota" Woese et al. 1990	crenarchaeotes	Eocyta (synonym)	eocytes	Thermoproteaeota Oren et al. 2015	Thermoproteaeota (synonym)	Thermoproteota (synonym)	
28890	Euryarchaeota Garrity and Holt 2002	Euryarchaeota	"Euryarchaeota" Woese et al. 1990	euryarchaeotes	Methanobacteraeota Oren et al. 2015	Methanobacteraeota (synonym)	Methanobacteriota (synonym)	
192989	Nanoarchaeota Huber et al. 2002	Nanoarchaeota	
2283796	"Candidatus Thermoplasmatota" Rinke et al. 2019	Candidatus Thermoplasmatota	Diaforarchaea group (synonym)	Diaforarchaea	Diaforarchaea Petijean et al. 2015	
928852	Bathyarchaeota Meng et al. 2014	Bathyarchaeota (synonym)	Candidatus Bathyarchaeota	Group I.3 (synonym)	MCG	miscellaneous Crenarchaeota group (synonym)	miscellaneous Crenarchaeotal group (synonym)	miscellaneous Crenarchaeotic group (synonym)	Terrestrial Miscellaneous Crenarchaeotic Group (synonym)	
1462422	Candidatus Parvarchaeota	Parvarchaeota	Parvarchaeota Rinke et al. 2013	
651137	Aigarchaeota	Aigarchaeota Nunoura et al. 2011	Nitrososphaeraeota Oren et al. 2015	Nitrososphaeraeota (synonym)	Nitrososphaerota (synonym)	Thaumarchaeota Brochier-Armanet et al. 2008	Thaumarchaeota	
1801631	Candidatus Micrarchaeota Baker and Dick 2013	Candidatus Micrarchaeota	
1655434	Candidatus Lokiarchaeota	Lokiarchaeota	Lokiarchaeota Spang et al. 2015	
1462430	"Candidatus Nanohaloarchaeota" Rinke et al. 2013	Candidatus Nanohaloarchaeota	
51967	Candidatus Korarchaeota	Korarchaeota Barns et al. 1996	Korarchaeota	Xenarchaea (synonym)	Xenarchaeota (synonym)	
2582935	Altiarchaeota	Candidatus Altiarchaeota Probst et al. 2018	Candidatus Altiarchaeota	
